{
    "graduation_requirements": {
        "total_ects": 60,
        "requirements": [
            "Εγγραφή στο Τμήμα και παρακολούθηση μαθημάτων για τουλάχιστον οκτώ (8) εξάμηνα.",
            "Επιτυχία σε όλα τα μαθήματα κορμού (Πίνακας 1 παρακάτω). Όπως φαίνεται και στον Πίνακα 1, στον κορμό περιλαμβάνεται και η εκπόνηση Διπλωματικής Εργασίας.",
            "Επιτυχία σε μαθήματα Επιλογής Ειδίκευσης των ομάδων Α, Β, C, τουλάχιστον σαράντα δύο (42) ECTS.",
            "Επιτυχία σε τουλάχιστον τρία (3) μαθήματα συνολικού φόρτου τουλάχιστον 20 ECTS των ομάδων επιλογής Μαθηματικών και Φυσικών Επιστημών (Ε1) και Άλλων Επιστημών (Ε2) (Πίνακες 2 και 3). Πρέπει να είναι τουλάχιστον δύο (2) μαθήματα από την Ε1 και το πολύ ένα (1) από την E2.",
            "Επιτυχία σε τουλάχιστον ένα (1) μάθημα των κατηγοριών Ε1-Ε2, Α1, Α2, Α3, Α4, Β1, Β2, Β3, Β4, C1, C2, C3, C4 ή ελεύθερης επιλογής από το ΠΚ, συνολικού φόρτου έξι (6) ECTS."
        ],
        "specialization_rules": [
            "Σε κάθε γενική κατηγορία (Α, B, C), πρέπει να υπάρχει τουλάχιστον ένα μάθημα.",
            "Το πολύ τέσσερα (4) μαθήματα μπορούν να ανήκουν στην ίδια γενική κατηγορία (Α ή Β ή C)."
        ],
        "ects_note": "Ο βαθμός πτυχίου υπολογίζεται με βάση τα μαθήματα που χρησιμοποιούνται για την συμπλήρωση των 240 ECTS για την απόκτηση πτυχίου.",
        "practical_exercise_requirements": {
            "minimum_ects_kormos": 116,
            "minimum_total_ects": 120,
            "foreign_language_knowledge": "Αποδεδειγμένη βασική γνώση της γλώσσας στην οποία θα γίνει η επίβλεψη/εποπτεία και η υλοποίηση της πρακτικής άσκησης στο φορέα."
        },
        "required_courses": "Επιτυχής παρακολούθηση οκτώ θεωρητικών μαθημάτων από τις κατηγορίες Α, Β, Γ1, Γ2 και του μαθήματος της πρακτικής της διδακτικής (κατηγορία Γ3).",
        "category_requirements": "3 μαθήματα σε κάθε μία από τις κατηγορίες Α και Β, ένα μάθημα από την κατηγορία Γ1, ένα μάθημα από την κατηγορία Γ2 καθώς και την Πρακτική της διδακτικής (Γ3)."
    },
    "categories": {
        "Ε1": {
            "name": "ΜΑΘΗΜΑΤΑ ΕΠΙΛΟΓΗΣ ΜΑΘΗΜΑΤΙΚΩΝ ΚΑΙ ΦΥΣΙΚΩΝ ΕΠΙΣΤΗΜΩΝ",
            "description": null
        },
        "Ε2": {
            "name": "ΜΑΘΗΜΑΤΑ ΕΠΙΛΟΓΗΣ ΑΛΛΩΝ ΕΠΙΣΤΗΜΩΝ",
            "description": null
        },
        "ΚΟΡΜΟΣ": {
            "name": "Κορμός",
            "description": "Υποχρεωτικά μαθήματα"
        },
        "A": {
            "name": "A",
            "description": "Επιλογής Ειδίκευσης"
        },
        "B": {
            "name": "B",
            "description": "Επιλογής Ειδίκευσης"
        },
        "C": {
            "name": "C",
            "description": "Επιλογής Ειδίκευσης"
        },
        "A1": {},
        "A2": {},
        "A3": {},
        "A4": {},
        "B1": {},
        "B2": {},
        "B3": {},
        "B4": {},
        "C1": {},
        "C2": {},
        "C3": {},
        "C4": {},
        "E2": {
            "name": "Μαθήματα Επιλογής άλλων Επιστημών",
            "description": null
        },
        "Γ": {
            "name": "Ειδική Διδακτική – Πρακτική Άσκηση",
            "description": "η οποία περιλαμβάνει μαθήματα ειδικής διδακτικής (κατηγορία Γ1), μαθήματα ειδικότητας δεύτερης ανάθεσης (κατηγορία Γ2) και την Πρακτική της Διδακτικής (κατηγορία Γ3)"
        },
        "Γ1": {
            "name": "Ειδική Διδακτική Γνωστικού Αντικειμένου",
            "description": null
        },
        "Γ2": {
            "name": "μαθήματα ειδικότητας δεύτερης ανάθεσης",
            "description": null
        },
        "Γ3": {
            "name": "Πρακτική της Διδακτικής",
            "description": "η οποία είναι υποχρεωτική για όλους τους φοιτητές."
        },
        "Α": {
            "name": "ΜΑΘΗΜΑΤΑ ΕΚΠΑΙΔΕΥΣΗΣ ΚΑΙ ΑΓΩΓΗΣ",
            "description": null
        },
        "Κορμού": {
            "name": "Κορμού",
            "description": "Core Course"
        },
        "Α1": {
            "name": "Αρχιτεκτονική υπολογιστών και μικρο-ηλεκτρονική",
            "description": null
        },
        "Επιλογής Α2": {
            "name": "Επιλογής Α2",
            "description": "Συστήματα υπολογιστών και παράλληλα υπολογιστικά συστήματα υψηλών επιδόσεων"
        },
        "Επιλογής Β2": {
            "name": "Επιλογής Β2",
            "description": "Βάσεις δεδομένων, διαχείριση πληροφορίας και γνώσης"
        },
        "Επιλογής Β3": {
            "name": "Επιλογής Β3",
            "description": "Τεχνολογία λογισμικού και γλώσσες προγραμματισμού"
        },
        "Α3": {
            "name": "Ασφάλεια υπολογιστών και κατανεμημένα συστήματα",
            "description": null
        }
    },
    "courses": [
        {
            "code": "HY-109",
            "name": "Αγγλικά ΙΙ",
            "ects": 4,
            "category": "Κορμού",
            "semester": 2,
            "prerequisites": [
                "ΗΥ-108",
                "HY-108"
            ],
            "prerequisite_note": "Το προηγούμενο για κάθε επόμενο"
        },
        {
            "code": "HY-208",
            "name": "Αγγλικά III",
            "ects": 4,
            "category": "Κορμού",
            "semester": 3,
            "prerequisites": [
                "HY-109",
                "ΗΥ-109"
            ],
            "prerequisite_note": "Το προηγούμενο για κάθε επόμενο"
        },
        {
            "code": "HY-209",
            "name": "Αγγλικά ΙV",
            "ects": 4,
            "category": "Κορμού",
            "semester": 4,
            "prerequisites": [
                "HY-208",
                "ΗΥ-208"
            ],
            "prerequisite_note": "Το προηγούμενο για κάθε επόμενο"
        },
        {
            "code": "HY-255",
            "name": "Εργαστήριο Λογισμικού",
            "ects": 6,
            "category": "Κορμού",
            "semester": 4,
            "prerequisites": [
                "ΗΥ-100",
                "ΗΥ-150"
            ],
            "prerequisite_note": "ΗΥ-100 ή ΗΥ-150"
        },
        {
            "code": "HY-330",
            "name": "Εισαγωγή στη Θεωρία των Τηλεπικοινωνιακών Συστημάτων",
            "ects": 6,
            "prerequisites": [
                "ΗΥ-217",
                "ΗΥ-215"
            ],
            "prerequisite_note": "Parenthesis indicate possible prerequisite",
            "category": "A4"
        },
        {
            "code": "HY-428",
            "name": "Εργαστήριο Ενσωματωμένων Συστημάτων",
            "ects": 6,
            "prerequisites": [
                "ΗΥ-255",
                "ΗΥ-225"
            ],
            "prerequisite_note": "OR relationship",
            "category": "A2"
        },
        {
            "code": "HY-452",
            "name": "Εισαγωγή στην Επιστήμη και την Τεχνολογία των Υπηρεσιών",
            "ects": 6,
            "prerequisites": [
                "HY-345",
                "HY-360",
                "ΗΥ-359"
            ],
            "prerequisite_note": "Parenthesis indicate possible prerequisite",
            "category": "B2"
        },
        {
            "code": "HY-458",
            "name": "Εισαγωγή στην Κρυπτογραφία",
            "ects": 6,
            "prerequisites": [
                "HY-240",
                "ΗΥ118",
                "HY-345",
                "HY-118",
                "ΗΥ-345",
                "ΗΥ240"
            ],
            "prerequisite_note": "Parenthesis indicate possible prerequisite",
            "category": "A3"
        },
        {
            "code": "HY-484",
            "name": "Δυναμική Πολύπλοκων Δικτύων",
            "ects": 6,
            "prerequisites": [
                "ΗΥ-118",
                "ΗΥ-240"
            ],
            "category": "B1"
        },
        {
            "code": "HY110",
            "name": "Απειροστικός Λογισμός Ι",
            "ects": null,
            "category": "Γ2",
            "semester": null,
            "prerequisites": []
        },
        {
            "code": "HY118",
            "name": "Διακριτά Μαθηματικά",
            "ects": null,
            "category": "Γ2",
            "semester": null,
            "prerequisites": []
        },
        {
            "code": "HY119",
            "name": "Γραμμική Άλγεβρα",
            "ects": null,
            "category": "Γ2",
            "semester": null,
            "prerequisites": []
        },
        {
            "code": "HY209",
            "name": "Αγγλικά IV",
            "ects": null,
            "category": null,
            "semester": null,
            "prerequisites": [],
            "prerequisite_note": null
        },
        {
            "code": "ΒΙΟΛ-205",
            "name": "Γενετική Ι",
            "ects": 6
        },
        {
            "code": "ΒΙΟΛ-207",
            "name": "Μοριακή Βιολογία",
            "ects": 6
        },
        {
            "code": "ΒΙΟΛ-315",
            "name": "Υπολογιστική Βιολογία",
            "ects": 5
        },
        {
            "code": "ΒΙΟΛ-405",
            "name": "Εφαρμοσμένη Οικολογία και Διαχείριση Χερσαίων Οικοσυστημάτων",
            "ects": 5
        },
        {
            "code": "ΒΙΟΛ-476",
            "name": "Ανάλυση Γενετικών Δεδομένων",
            "ects": 6
        },
        {
            "code": "ΒΙΟΛ103",
            "name": "Φυσική",
            "ects": null,
            "category": "Γ2",
            "semester": null,
            "prerequisites": []
        },
        {
            "code": "ΒΙΟΛ105",
            "name": "Γενική Χημεία",
            "ects": null,
            "category": "Γ2",
            "semester": null,
            "prerequisites": []
        },
        {
            "code": "ΒΙΟΛ107",
            "name": "Οργανική Χημεία",
            "ects": null,
            "category": "Γ2",
            "semester": null,
            "prerequisites": []
        },
        {
            "code": "ΕΤΥ-141",
            "name": "Υλικά Ι: Εισαγωγή στην Επιστήμη Υλικών",
            "ects": 6
        },
        {
            "code": "ΕΤΥ-242",
            "name": "Υλικά ΙΙΙ: Μικροηλεκτρονικά Οπτοηλεκτρονικά Υλικά",
            "ects": 6
        },
        {
            "code": "ΕΤΥ-302",
            "name": "Οπτική και Κύματα",
            "ects": 5,
            "prerequisites": [
                "ΕΤΥ-102",
                "ΦΥΣ-102",
                "ΗΥ-113",
                "ΕΤΥ-112",
                "MEM-105"
            ],
            "prerequisite_note": "ΕΤΥ-102 Γενική Φυσική ΙΙ ή ΦΥΣ-102 Γενική Φυσική ΙΙ ή ΗΥ-113 Φυσική ΙΙ\n• ΕΤΥ-112 Γενικά Μαθηματικά ΙΙ ή MEM-105 Απειροστικός Λογισμός ΙΙ"
        },
        {
            "code": "ΕΤΥ-494",
            "name": "Εισαγωγή στην Βιοϊατρική Μηχανική",
            "ects": 6
        },
        {
            "code": "ΗΥ-100",
            "name": "Εισαγωγή στην Επιστήμη Υπολογιστών",
            "ects": 8,
            "category": "ΚΟΡΜΟΣ",
            "prerequisites": [],
            "semester": 1
        },
        {
            "code": "ΗΥ-108",
            "name": "Αγγλικά Ι",
            "ects": 4,
            "category": "ΚΟΡΜΟΣ",
            "prerequisites": [],
            "semester": 1
        },
        {
            "code": "ΗΥ-110",
            "name": "Απειροστικός Λογισμός Ι",
            "ects": 8,
            "category": "ΚΟΡΜΟΣ",
            "prerequisites": [],
            "semester": 1
        },
        {
            "code": "ΗΥ-111",
            "name": "Απειροστικός Λογισμός ΙΙ",
            "ects": 6,
            "category": "Ε1",
            "prerequisites": [
                "ΗΥ-110"
            ],
            "prerequisite_note": "ΗΥ-110 Απειροστικός Λογισμός Ι",
            "semester": 2
        },
        {
            "code": "ΗΥ-112",
            "name": "Φυσική Ι ή άλλο μάθημα επιλογής Ε1",
            "ects": 8,
            "semester": 1,
            "category": "Ε1",
            "prerequisite_note": "or another course"
        },
        {
            "code": "ΗΥ-113",
            "name": "Φυσική ΙΙ",
            "ects": 6,
            "category": "Ε1",
            "prerequisites": []
        },
        {
            "code": "ΗΥ-118",
            "name": "Διακριτά Μαθηματικά",
            "ects": 6,
            "category": "ΚΟΡΜΟΣ",
            "prerequisites": [],
            "semester": 2
        },
        {
            "code": "ΗΥ-119",
            "name": "Γραμμική Άλγεβρα",
            "ects": 6,
            "category": "ΚΟΡΜΟΣ",
            "prerequisites": [],
            "semester": 2
        },
        {
            "code": "ΗΥ-120",
            "name": "Ψηφιακή Σχεδίαση",
            "ects": 8,
            "category": "ΚΟΡΜΟΣ",
            "prerequisites": [],
            "semester": 1
        },
        {
            "code": "ΗΥ-121",
            "name": "Ηλεκτρικά Κυκλώματα",
            "ects": 6,
            "category": "Ε1",
            "prerequisites": []
        },
        {
            "code": "ΗΥ-122",
            "name": "Εισαγωγή στην",
            "ects": 6,
            "category": "Ε1",
            "prerequisites": []
        },
        {
            "code": "ΗΥ-150",
            "name": "Προγραμματισμός",
            "ects": 8,
            "category": "ΚΟΡΜΟΣ",
            "prerequisites": [],
            "semester": 2
        },
        {
            "code": "ΗΥ-180",
            "name": "Λογική",
            "ects": 6,
            "category": "ΚΟΡΜΟΣ",
            "prerequisites": [],
            "semester": 4
        },
        {
            "code": "ΗΥ-215",
            "name": "Εφαρμοσμένα Μαθηματικά για Μηχανικούς",
            "ects": 8,
            "category": "ΚΟΡΜΟΣ",
            "prerequisites": [
                "ΗΥ-110"
            ],
            "semester": 4
        },
        {
            "code": "ΗΥ-217",
            "name": "Πιθανότητες",
            "ects": 6,
            "category": "ΚΟΡΜΟΣ",
            "prerequisites": [
                "ΗΥ-110"
            ],
            "semester": 3
        },
        {
            "code": "ΗΥ-220",
            "name": "Εργαστήριο Ψηφιακών Κυκλωμάτων",
            "ects": 6,
            "prerequisites": [
                "ΗΥ-120"
            ],
            "category": "A1"
        },
        {
            "code": "ΗΥ-225",
            "name": "Οργάνωση Υπολογιστών",
            "ects": 8,
            "category": "ΚΟΡΜΟΣ",
            "prerequisites": [
                "ΗΥ-120"
            ],
            "semester": 4
        },
        {
            "code": "ΗΥ-240",
            "name": "Δομές Δεδομένων",
            "ects": 8,
            "category": "ΚΟΡΜΟΣ",
            "prerequisites": [
                "ΗΥ-118",
                "ΗΥ-150",
                "ΗΥ-100"
            ],
            "prerequisite_note": "(ΗΥ-118) συνιστώνται έντονα, αλλά δεν είναι υποχρεωτικά.",
            "semester": 3
        },
        {
            "code": "ΗΥ-252",
            "name": "Αντικειμενοστρεφής Προγραμματισμός",
            "ects": 8,
            "category": "Κορμού",
            "semester": 3,
            "prerequisites": [
                "ΗΥ-100",
                "ΗΥ-150"
            ],
            "prerequisite_note": "ΗΥ-100 ή ΗΥ-150"
        },
        {
            "code": "ΗΥ-280",
            "name": "Θεωρία Υπολογισμού",
            "ects": 6,
            "category": "ΚΟΡΜΟΣ",
            "prerequisites": [],
            "semester": 3
        },
        {
            "code": "ΗΥ-317",
            "name": "Εφαρμοσμένες Στοχαστικές Διαδικασίες",
            "ects": 6,
            "prerequisites": [
                "ΗΥ-217"
            ],
            "category": "C1"
        },
        {
            "code": "ΗΥ-335",
            "name": "Δίκτυα Υπολογιστών",
            "ects": 6,
            "category": "ΚΟΡΜΟΣ",
            "prerequisites": [
                "ΗΥ-217",
                "ΗΥ-118"
            ],
            "prerequisite_note": "or relationship",
            "semester": 5
        },
        {
            "code": "ΗΥ-340",
            "name": "Γλώσσες και Μεταφραστές",
            "ects": 8,
            "category": "ΚΟΡΜΟΣ",
            "prerequisites": [
                "ΗΥ-255",
                "ΗΥ-280",
                "ΗΥ-225",
                "ΗΥ-240"
            ],
            "prerequisite_note": "(ΗΥ-225) συνιστώνται έντονα, αλλά δεν είναι υποχρεωτικά.",
            "semester": 6
        },
        {
            "code": "ΗΥ-342",
            "name": "Παράλληλος Προγραμματισμός",
            "ects": 6,
            "prerequisites": [
                "ΗΥ-255",
                "ΗΥ-252"
            ],
            "prerequisite_note": "OR relationship",
            "category": "A2"
        },
        {
            "code": "ΗΥ-345",
            "name": "Λειτουργικά Συστήματα",
            "ects": 8,
            "category": "ΚΟΡΜΟΣ",
            "prerequisites": [
                "ΗΥ-255",
                "ΗΥ-225",
                "ΗΥ-240",
                "ΗΥ240"
            ],
            "prerequisite_note": "(ΗΥ-225) συνιστώνται έντονα, αλλά δεν είναι υποχρεωτικά.",
            "semester": 5
        },
        {
            "code": "ΗΥ-351",
            "name": "Ανάλυση και Σχεδίαση Πληροφοριακών Συστημάτων",
            "ects": 6,
            "prerequisites": [
                "ΗΥ-360",
                "ΗΥ-252",
                "ΗΥ-352"
            ],
            "prerequisite_note": "Parenthesis indicate possible prerequisite",
            "category": "B2"
        },
        {
            "code": "ΗΥ-352",
            "name": "Τεχνολογία Λογισμικού",
            "ects": 6,
            "prerequisites": [
                "ΗΥ-252",
                "ΗΥ-150"
            ],
            "prerequisite_note": "OR relationship",
            "category": "B3"
        },
        {
            "code": "ΗΥ-358",
            "name": "Γραφική",
            "ects": 6,
            "category": "Επιλογής C3: Γραφική και αλληλεπίδραση ανθρώπου-υπολογιστή",
            "semester": null,
            "prerequisites": [
                "HY-240",
                "ΗΥ-240"
            ]
        },
        {
            "code": "ΗΥ-359",
            "name": "Διαδικτυοκεντρικός Προγραμματισμός",
            "ects": 6,
            "prerequisites": [
                "ΗΥ-252"
            ],
            "category": "B3"
        },
        {
            "code": "ΗΥ-360",
            "name": "Αρχεία και Βάσεις Δεδομένων",
            "ects": 8,
            "category": "ΚΟΡΜΟΣ",
            "prerequisites": [
                "ΗΥ-255",
                "HY-240",
                "ΗΥ-180",
                "ΗΥ-118",
                "ΗΥ-240"
            ],
            "prerequisite_note": "or relationship for both {HY-240 ή HY-255} και {ΗΥ-118 ή HY-180}",
            "semester": 5
        },
        {
            "code": "ΗΥ-364",
            "name": "Εισαγωγή στην Αλληλεπίδραση Ανθρώπου Υπολογιστή",
            "ects": 6,
            "category": "Επιλογής C3: Γραφική και αλληλεπίδραση ανθρώπου-υπολογιστή",
            "semester": null,
            "prerequisites": [
                "ΗΥ-150"
            ],
            "prerequisite_note": null
        },
        {
            "code": "ΗΥ-370",
            "name": "Ψηφιακή Επεξεργασία Σημάτων",
            "ects": 6,
            "prerequisites": [
                "HY-215",
                "ΗΥ-215",
                "ΗΥ-111"
            ],
            "prerequisite_note": "Parenthesis indicate possible prerequisite",
            "category": "C1"
        },
        {
            "code": "ΗΥ-371",
            "name": "Ψηφιακή Επεξεργασία Εικόνων",
            "ects": 6,
            "category": "Επιλογής C2: Υπολογιστική όραση και ρομποτική",
            "semester": null,
            "prerequisites": [
                "HY-119",
                "ΗΥ-119",
                "ΗΥ-110"
            ],
            "prerequisite_note": "(ΗΥ-110) is optional"
        },
        {
            "code": "ΗΥ-380",
            "name": "Αλγόριθμοι και Πολυπλοκότητα",
            "ects": 8,
            "category": "ΚΟΡΜΟΣ",
            "prerequisites": [
                "ΗΥ-280",
                "ΗΥ-118",
                "HY-118",
                "ΗΥ-240"
            ],
            "prerequisite_note": "or relationship for {HY-118 ή HY-280}",
            "semester": 6
        },
        {
            "code": "ΗΥ-422",
            "name": "Εισαγωγή στα Συστήματα VLSI",
            "ects": 6,
            "prerequisites": [
                "ΗΥ-121",
                "ΗΥ-225"
            ],
            "prerequisite_note": "Parenthesis indicate possible prerequisite",
            "category": "A1"
        },
        {
            "code": "ΗΥ-425",
            "name": "Αρχιτεκτονική Υπολογιστικών Συστημάτων",
            "ects": 6,
            "prerequisites": [
                "ΗΥ-225"
            ],
            "category": "A2"
        },
        {
            "code": "ΗΥ-435",
            "name": "Εργαστήριο Τεχνολογίας και Προγραμματισμού Δικτύων",
            "ects": 6,
            "prerequisites": [
                "ΗΥ-335"
            ],
            "category": "A4"
        },
        {
            "code": "ΗΥ-436",
            "name": "Δίκτυα Καθοριζόμενα από Λογισμικό",
            "ects": 6,
            "prerequisites": [
                "ΗΥ-335"
            ],
            "category": "A4"
        },
        {
            "code": "ΗΥ-439",
            "name": "Κινητά Υπολογιστικά Συστήματα",
            "ects": 6,
            "prerequisites": [
                "ΗΥ-335"
            ],
            "category": "A4"
        },
        {
            "code": "ΗΥ-446",
            "name": "Συστήματα Εκτέλεσης Δυναμικών Γλωσσών Προγραμματισμού",
            "ects": 6,
            "prerequisites": [
                "ΗΥ-345",
                "ΗΥ-252"
            ],
            "category": "B3"
        },
        {
            "code": "ΗΥ-454",
            "name": "Τεχνολογία Ανάπτυξης Έξυπνων Διεπαφών και Παιχνιδιών",
            "ects": 6,
            "prerequisites": [
                "ΗΥ-255",
                "ΗΥ-358"
            ],
            "prerequisite_note": "Prerequisites include alternatives: (ΗΥ-358)",
            "category": "Επιλογής C3: Γραφική και αλληλεπίδραση ανθρώπου-υπολογιστή"
        },
        {
            "code": "ΗΥ-455",
            "name": "Εργαστήριο Διαδικτυακών Επιθέσεων και Αμυντικών Τεχνικών",
            "ects": 6,
            "prerequisites": [
                "ΗΥ-345",
                "ΗΥ-335"
            ],
            "category": "A3"
        },
        {
            "code": "ΗΥ-457",
            "name": "Εισαγωγή στα Συστήματα Ασφάλειας Πληροφοριών",
            "ects": 6,
            "prerequisites": [
                "ΗΥ-335",
                "ΗΥ150",
                "ΗΥ-150",
                "ΗΥ-345"
            ],
            "prerequisite_note": "Parenthesis indicate possible prerequisite",
            "category": "A3"
        },
        {
            "code": "ΗΥ-457.1",
            "name": "Ψηφιακή Εγκληματολογία και Ασφάλεια",
            "ects": 6,
            "prerequisites": [
                "ΗΥ-345"
            ],
            "category": "A3"
        },
        {
            "code": "ΗΥ-459",
            "name": "Μέτρηση και Εποπτεία του Διαδικτύου",
            "ects": 6,
            "prerequisites": [
                "ΗΥ-335"
            ],
            "category": "A4"
        },
        {
            "code": "ΗΥ-460",
            "name": "Συστήματα Διαχείρισης Βάσεων Δεδομένων",
            "ects": 6,
            "prerequisites": [
                "ΗΥ-360"
            ],
            "category": "B2"
        },
        {
            "code": "ΗΥ-463",
            "name": "Συστήματα Ανάκτησης Πληροφοριών",
            "ects": 6,
            "prerequisites": [
                "ΗΥ-240"
            ],
            "category": "B2"
        },
        {
            "code": "ΗΥ-468",
            "name": "Θεωρία Παιγνίων και Αποφάσεων σε Συστήματα Υπηρεσιών",
            "ects": 6,
            "prerequisites": [
                "ΗΥ-217",
                "ΗΥ-317"
            ],
            "category": "B1"
        },
        {
            "code": "ΗΥ-469",
            "name": "Σύγχρονα Θέματα Αλληλεπίδρασης Ανθρώπου-Υπολογιστή",
            "ects": 6,
            "category": "Επιλογής C3: Γραφική και αλληλεπίδραση ανθρώπου-υπολογιστή",
            "semester": null,
            "prerequisites": [
                "ΗΥ-364",
                "ΗΥ-359"
            ],
            "prerequisite_note": "(ΗΥ-359) is optional prerequisite"
        },
        {
            "code": "ΗΥ-471",
            "name": "Ανάλυση Εικόνων",
            "ects": 6,
            "category": "Επιλογής C2: Υπολογιστική όραση και ρομποτική",
            "semester": null,
            "prerequisites": [
                "ΗΥ-371",
                "HY-371"
            ]
        },
        {
            "code": "ΗΥ-472",
            "name": "Υπολογιστική Όραση",
            "ects": 6,
            "category": "Επιλογής C2: Υπολογιστική όραση και ρομποτική",
            "semester": null,
            "prerequisites": [
                "ΗΥ-371",
                "ΗΥ-471"
            ],
            "prerequisite_note": "(ΗΥ-471) is optional"
        },
        {
            "code": "ΗΥ-473",
            "name": "Αναγνώριση Προτύπων",
            "ects": 6,
            "prerequisites": [
                "ΗΥ-119",
                "HY-217",
                "ΗΥ-217",
                "ΗΥ-370",
                "ΗΥ-215"
            ],
            "prerequisite_note": "Parenthesis indicate possible prerequisite",
            "category": "B4"
        },
        {
            "code": "ΗΥ-474",
            "name": "Τεχνολογία Πολυμέσων",
            "ects": 6,
            "category": "C2",
            "prerequisites": [
                "ΗΥ-217",
                "ΗΥ-370",
                "ΗΥ-215"
            ],
            "prerequisite_note": "Prerequisites include alternatives: (ΗΥ-370, ΗΥ-217)"
        },
        {
            "code": "ΗΥ-475",
            "name": "Αυτόνομη Ρομποτική Πλοήγηση",
            "ects": 6,
            "category": "Επιλογής C2: Υπολογιστική όραση και ρομποτική",
            "semester": null,
            "prerequisites": [
                "ΗΥ-217",
                "ΗΥ-471",
                "ΗΥ-119"
            ],
            "prerequisite_note": "(ΗΥ-471) is optional"
        },
        {
            "code": "ΗΥ-482",
            "name": "Αλγόριθμοι στην Βιοπληροφορική",
            "ects": 6,
            "category": "Επιλογής C4: Βιοπληροφορική, ιατρική πληροφορική, και υπολογιστικές νευροεπιστήμες",
            "semester": null,
            "prerequisites": [
                "ΗΥ-217",
                "HY-380",
                "ΗΥ-119",
                "ΗΥ-380"
            ],
            "prerequisite_note": null
        },
        {
            "code": "ΗΥ-485",
            "name": "Επιστήμη Δεδομένων και Εφαρμογές",
            "ects": 6,
            "prerequisites": [
                "ΗΥ-217",
                "ΗΥ-150",
                "ΗΥ-119"
            ],
            "category": "B4"
        },
        {
            "code": "ΗΥ-486",
            "name": "Αρχές Κατανεμημένου Υπολογισμού",
            "ects": 6,
            "prerequisites": [
                "ΗΥ-345",
                "ΗΥ-225",
                "ΗΥ-240",
                "ΗΥ-380"
            ],
            "prerequisite_note": "Parenthesis indicate possible prerequisite",
            "category": "B1"
        },
        {
            "code": "ΗΥ-487",
            "name": "Εισαγωγή στην Τεχνητή Νοημοσύνη",
            "ects": 6,
            "prerequisites": [
                "ΗΥ-180",
                "ΗΥ-240"
            ],
            "category": "B4"
        },
        {
            "code": "ΗΥ-498",
            "name": "Διπλωματική Εργασία",
            "ects": 18,
            "category": "ΚΟΡΜΟΣ",
            "prerequisites": [],
            "prerequisite_note": "Επιτυχής παρακολούθηση των μαθημάτων κορμού των τεσσάρων πρώτων εξαμήνων",
            "semester": 7
        },
        {
            "code": "ΗΥ-499Γ",
            "name": "Πρακτική Άσκηση Ι (διάρκεια 3 μηνών)",
            "ects": 6,
            "prerequisites": [],
            "prerequisite_note": "Όπως καθορίζονται παρακάτω"
        },
        {
            "code": "ΗΥ-499Ζ",
            "name": "Πρακτική Άσκηση ΙΙ (διάρκεια 6 μηνών)",
            "ects": 6,
            "prerequisites": [],
            "prerequisite_note": "Όπως καθορίζονται παρακάτω"
        },
        {
            "code": "ΗΥ-5xx-6xx",
            "name": "Μεταπτυχιακά μαθήματα του ΠΜΣ",
            "ects": 6,
            "prerequisites": [],
            "prerequisite_note": "Με άδεια του διδάσκοντα του Τμήματος Επιστήμης Υπολογιστών"
        },
        {
            "code": "ΜΕΜ-106",
            "name": "Γραμμική Άλγεβρα Ι",
            "ects": 8,
            "prerequisites": [
                "MEM-102",
                "ΗΥ-119"
            ],
            "prerequisite_note": "MEM-102 Γεωμετρία & Γραμμική Άλγεβρα ή ΗΥ-119 Γραμμική Άλγεβρα"
        },
        {
            "code": "ΜΕΜ-108",
            "name": "Απειροστικός Λογισμός ΙΙΙ",
            "ects": 8,
            "prerequisites": [
                "MEM-102",
                "ΗΥ-119",
                "MEM-105",
                "ΗΥ-111"
            ],
            "prerequisite_note": "MEM-102 Γεωμετρία & Γραμμική Άλγεβρα ή ΗΥ-119 Γραμμική Άλγεβρα\n• MEM-105 Απειροστικός Λογισμός ΙΙ ή ΗΥ-111 Απειροστικός Λογισμός ΙΙ"
        },
        {
            "code": "ΜΕΜ-202",
            "name": "Αναλυτική Γεωμετρία",
            "ects": 8
        },
        {
            "code": "ΜΕΜ-203",
            "name": "Ευκλείδεια Γεωμετρία",
            "ects": 8
        },
        {
            "code": "ΜΕΜ-204",
            "name": "Θεωρία Αριθμών",
            "ects": 8,
            "prerequisites": [
                "ΜΕΜ-103",
                "ΗΥ-118"
            ],
            "prerequisite_note": "ΜΕΜ-103 Θεμέλια Μαθηματικών ή ΗΥ-118 Διακριτά Μαθηματικά"
        },
        {
            "code": "ΜΕΜ-211",
            "name": "Ανάλυση Ι",
            "ects": 7,
            "prerequisites": [
                "MEM-101",
                "ΗΥ-110"
            ],
            "prerequisite_note": "MEM-101 Απειροστικός Λογισμός Ι ή ΗΥ-110 Απειροστικός Λογισμός Ι"
        },
        {
            "code": "ΜΕΜ-213",
            "name": "Μιγαδική Ανάλυση",
            "ects": 8
        },
        {
            "code": "ΜΕΜ-221",
            "name": "Άλγεβρα Ι",
            "ects": 8,
            "prerequisites": [
                "MEM-102",
                "ΗΥ-119"
            ],
            "prerequisite_note": "MEM-102 Γεωμετρία & Γραμμική Άλγεβρα ή ΗΥ-119 Γραμμική Άλγεβρα"
        },
        {
            "code": "ΜΕΜ-223",
            "name": "Γραμμική Άλγεβρα ΙΙ",
            "ects": 8,
            "prerequisites": [
                "MEM-106"
            ]
        },
        {
            "code": "ΜΕΜ-224",
            "name": "Θεωρία Ομάδων",
            "ects": 8,
            "prerequisites": [
                "ΜΕΜ-221"
            ]
        },
        {
            "code": "ΜΕΜ-231",
            "name": "Διαφορική Γεωμετρία",
            "ects": 8,
            "prerequisites": [
                "MEM-102",
                "ΗΥ-119"
            ],
            "prerequisite_note": "MEM-102 Γεωμετρία & Γραμμική Άλγεβρα ή ΗΥ-119 Γραμμική Άλγεβρα"
        },
        {
            "code": "ΜΕΜ-233",
            "name": "Γεωμετρία",
            "ects": 8,
            "prerequisites": [
                "MEM-102",
                "ΗΥ-119"
            ],
            "prerequisite_note": "MEM-102 Γεωμετρία και Γραμμική Άλγεβρα ή ΗΥ-119 Γραμμική Άλγεβρα"
        },
        {
            "code": "ΜΕΜ-242",
            "name": "Θεωρία Συνόλων",
            "ects": 8,
            "prerequisites": [
                "ΜΕΜ-103",
                "ΗΥ-118"
            ],
            "prerequisite_note": "ΜΕΜ-103 Θεμέλια Μαθηματικών ή ΗΥ-118 Διακριτά Μαθηματικά"
        },
        {
            "code": "ΜΕΜ-245",
            "name": "Εισαγωγή στην Κρυπτολογία",
            "ects": 8,
            "prerequisites": [
                "ΜΕΜ-221"
            ]
        },
        {
            "code": "ΜΕΜ-251",
            "name": "Αριθμητική Ανάλυση",
            "ects": 8,
            "prerequisites": [
                "MEM-101",
                "ΗΥ-110",
                "MEM-102",
                "ΗΥ-119",
                "ΗΥ-150"
            ],
            "prerequisite_note": "MEM-101 Απειροστικός Λογισμός Ι ή ΗΥ-110 Απειροστικός Λογισμός Ι\n• MEM-102 Γεωμετρία & Γραμμική Άλγεβρα ή ΗΥ-119 Γραμμική Άλγεβρα\n• ΗΥ-150 Προγραμματισμός"
        },
        {
            "code": "ΜΕΜ-252",
            "name": "Αριθμητική Λύση Συνήθων Διαφορικών Εξισώσεων",
            "ects": 8,
            "prerequisites": [
                "MEM-102",
                "ΗΥ-119",
                "MEM-108",
                "ΗΥ-150"
            ],
            "prerequisite_note": "MEM-102 Γεωμετρία & Γραμμική Άλγεβρα ή ΗΥ-119 Γραμμική Άλγεβρα\n• MEM-108 Απειροστικός Λογισμός ΙΙΙ\n• ΗΥ-150 Προγραμματισμός"
        },
        {
            "code": "ΜΕΜ-253",
            "name": "Αριθμητική Λύση Μερικών Διαφορικών Εξισώσεων",
            "ects": 8,
            "prerequisites": [
                "MEM-102",
                "ΗΥ-119",
                "MEM-108",
                "ΗΥ-150"
            ],
            "prerequisite_note": "MEM-102 Γεωμετρία & Γραμμική Άλγεβρα ή ΗΥ-119 Γραμμική Άλγεβρα\n• MEM-108 Απειροστικός Λογισμός ΙΙΙ\n• ΗΥ-150 Προγραμματισμός"
        },
        {
            "code": "ΜΕΜ-254",
            "name": "Αριθμητική Γραμμική Άλγεβρα",
            "ects": 8,
            "prerequisites": [
                "MEM-106",
                "MEM-108",
                "ΗΥ-150"
            ],
            "prerequisite_note": "MEM-106 Γραμμική Άλγεβρα Ι\n• MEM-108 Απειροστικός Λογισμός ΙΙΙ\n• ΗΥ-150 Προγραμματισμός"
        },
        {
            "code": "ΜΕΜ-255",
            "name": "Θεωρία Προσέγγισης & Εφαρμογές",
            "ects": 8,
            "prerequisites": [
                "MEM-106",
                "MEM-211",
                "ΗΥ-150"
            ],
            "prerequisite_note": "MEM-106 Γραμμική Άλγεβρα Ι\n• MEM-211 Ανάλυση Ι\n• ΗΥ-150 Προγραμματισμός"
        },
        {
            "code": "ΜΕΜ-262",
            "name": "Παραμετρική Στατιστική",
            "ects": 8,
            "prerequisites": [
                "MEM-101",
                "ΗΥ-110",
                "MEM-102",
                "ΗΥ-119",
                "ΜΕΜ-261",
                "ΗΥ-217"
            ],
            "prerequisite_note": "MEM-101 Απειροστικός Λογισμός Ι ή ΗΥ-110 Απειροστικός Λογισμός Ι\n• MEM-102 Γεωμετρία & Γραμμική Άλγεβρα ή ΗΥ-119 Γραμμική Άλγεβρα\n• ΜΕΜ-261 Θεωρία Πιθανοτήτων ή ΗΥ-217 Πιθανότητες"
        },
        {
            "code": "ΜΕΜ-264",
            "name": "Εφαρμοσμένη Στατιστική",
            "ects": 8,
            "prerequisites": [
                "MEM-101",
                "ΗΥ-110",
                "MEM-102",
                "ΗΥ-119",
                "ΜΕΜ-261",
                "ΗΥ-217"
            ],
            "prerequisite_note": "MEM-101 Απειροστικός Λογισμός Ι ή ΗΥ-110 Απειροστικός Λογισμός Ι\n• MEM-102 Γεωμετρία & Γραμμική Άλγεβρα ή ΗΥ-119 Γραμμική Άλγεβρα\n• ΜΕΜ-261 Θεωρία Πιθανοτήτων ή ΗΥ-217 Πιθανότητες"
        },
        {
            "code": "ΜΕΜ-271",
            "name": "Διαφορικές Εξισώσεις",
            "ects": 7,
            "prerequisites": [
                "MEM-105",
                "ΗΥ-111"
            ],
            "prerequisite_note": "MEM-105 Απειροστικός Λογισμός ΙΙ ή ΗΥ-111 Απειροστικός Λογισμός ΙΙ"
        },
        {
            "code": "ΜΕΜ-281",
            "name": "Θεωρία Ρευστών",
            "ects": 8,
            "prerequisites": [
                "MEM-108",
                "MEM-271"
            ]
        },
        {
            "code": "ΜΕΜ-282",
            "name": "Μαθηματική Μοντελοποίηση",
            "ects": 8,
            "prerequisites": [
                "MEM-106",
                "MEM-108",
                "MEM-271"
            ]
        },
        {
            "code": "ΜΕΜ-284",
            "name": "Κυματική Διάδοση",
            "ects": 8,
            "prerequisites": [
                "MEM-108",
                "MEM-271"
            ]
        },
        {
            "code": "ΜΕΜ-293",
            "name": "Θεωρία Βελτιστοποίησης",
            "ects": 8,
            "prerequisites": [
                "MEM-102",
                "ΗΥ-119",
                "MEM-105"
            ],
            "prerequisite_note": "MEM-102 Γεωμετρία & Γραμμική Άλγεβρα ή ΗΥ-119 Γραμμική Άλγεβρα\n• MEM-105 Απειροστικός Λογισμός ΙΙ"
        },
        {
            "code": "ΜΕΜ-297",
            "name": "Θεωρία Παιγνίων",
            "ects": 8,
            "prerequisites": [
                "MEM-251",
                "MEM-271"
            ]
        },
        {
            "code": "ΜΕΜ-341",
            "name": "Οικονομική Θεωρία Ι",
            "ects": 6
        },
        {
            "code": "ΜΕΜ-342",
            "name": "Οικονομική Θεωρία ΙΙ",
            "ects": 6
        },
        {
            "code": "ΜΕΜ-343",
            "name": "Επιχειρηματικότητα και Καινοτομία",
            "ects": 6
        },
        {
            "code": "ΜΕΜ-344",
            "name": "Διεθνή Μαθηματικά",
            "ects": 6
        },
        {
            "code": "ΜΕΜ109",
            "name": "Φυσική Ι",
            "ects": null,
            "category": "Γ2",
            "semester": null,
            "prerequisites": []
        },
        {
            "code": "ΜΕΜ280",
            "name": "Φυσική ΙΙ",
            "ects": null,
            "category": "Γ2",
            "semester": null,
            "prerequisites": []
        },
        {
            "code": "ΟΙΚ-1002",
            "name": "Μακροοικονομική Θεωρία Ι",
            "ects": 5.5
        },
        {
            "code": "ΟΙΚ-1005",
            "name": "Μικροοικονομική Θεωρία Ι",
            "ects": 5.5
        },
        {
            "code": "ΟΙΚ-2003",
            "name": "Οικονομετρία Ι",
            "ects": 5.5
        },
        {
            "code": "ΠΚ1003",
            "name": "Επιχειρηματική Στρατηγική",
            "ects": 6
        },
        {
            "code": "ΠΚ1004",
            "name": "Επιχειρηματική Αξιοποίηση Ερευνητικών Αποτελεσμάτων και Διανοητική Ιδιοκτησία",
            "ects": 6
        },
        {
            "code": "ΠΚ1005",
            "name": "Εισαγωγή στη Ψυχολογία της Επιχειρηματικής Συμπεριφοράς",
            "ects": 6
        },
        {
            "code": "ΠΚ1006",
            "name": "Στρατηγική Διοίκηση Νεοφυών Επιχειρήσεων",
            "ects": 6
        },
        {
            "code": "ΠΚ1007",
            "name": "Κοινωνική Επιχειρηματικότητα",
            "ects": 6
        },
        {
            "code": "ΣΘΕΤΕ-101",
            "name": "Αρχές Οικονομίας",
            "ects": 6
        },
        {
            "code": "ΣΘΕΤΕ201",
            "name": "Ψυχολογία του εφήβου",
            "ects": null,
            "category": "ΜΑΘΗΜΑΤΑ ΜΑΘΗΣΗΣ & ΔΙΔΑΣΚΑΛΙΑΣ",
            "semester": null,
            "prerequisites": []
        },
        {
            "code": "ΣΘΤΕ 204",
            "name": "Θεμελιώδη ζητήματα παιδαγωγικής επιστήμης",
            "ects": null,
            "category": "ΜΑΘΗΜΑΤΑ ΕΚΠΑΙΔΕΥΣΗΣ ΚΑΙ ΑΓΩΓΗΣ",
            "semester": null,
            "prerequisites": []
        },
        {
            "code": "ΣΘΤΕ 206",
            "name": "Διδασκαλία και αξιολόγηση μαθητών με μαθησιακές δυσκολίες και ειδικές εκπαιδευτικές ανάγκες",
            "ects": null,
            "category": "ΜΑΘΗΜΑΤΑ ΕΚΠΑΙΔΕΥΣΗΣ ΚΑΙ ΑΓΩΓΗΣ",
            "semester": null,
            "prerequisites": []
        },
        {
            "code": "ΣΘΤΕ202",
            "name": "Διδακτική των Φυσικών Επιστημών",
            "ects": null,
            "category": "ΕΙΔΙΚΗ ΔΙΔΑΚΤΙΚΗ – ΠΡΑΚΤΙΚΗ ΑΣΚΗΣΗ",
            "semester": null,
            "prerequisites": []
        },
        {
            "code": "ΣΘΤΕ203",
            "name": "Πρακτική της Διδακτικής",
            "ects": 12,
            "category": "ΕΙΔΙΚΗ ΔΙΔΑΚΤΙΚΗ – ΠΡΑΚΤΙΚΗ ΑΣΚΗΣΗ",
            "semester": null,
            "prerequisites": []
        },
        {
            "code": "ΣΘΤΕ207",
            "name": "Σχολική ένταξη μαθητών με ειδικές εκπαιδευτικές ανάγκες",
            "ects": null,
            "category": "ΜΑΘΗΜΑΤΑ ΜΑΘΗΣΗΣ & ΔΙΔΑΣΚΑΛΙΑΣ",
            "semester": null,
            "prerequisites": []
        },
        {
            "code": "ΣΘΤΕ208",
            "name": "Διαπολιτισμικότητα και συμβουλευτική στη δευτεροβάθμια εκπαίδευση",
            "ects": null,
            "category": "ΜΑΘΗΜΑΤΑ ΕΚΠΑΙΔΕΥΣΗΣ ΚΑΙ ΑΓΩΓΗΣ",
            "semester": null,
            "prerequisites": []
        },
        {
            "code": "ΣΘΤΕ209",
            "name": "Θέματα εκπαιδευτικής ψυχολογίας",
            "ects": null,
            "category": "ΜΑΘΗΜΑΤΑ ΜΑΘΗΣΗΣ & ΔΙΔΑΣΚΑΛΙΑΣ",
            "semester": null,
            "prerequisites": []
        },
        {
            "code": "ΣΘΤΕ210",
            "name": "Τεχνολογίες Πληροφορίας και Επικοινωνιών στην Εκπαίδευση για τη βιώσιμη ανάπτυξη",
            "ects": null,
            "category": "ΜΑΘΗΜΑΤΑ ΜΑΘΗΣΗΣ & ΔΙΔΑΣΚΑΛΙΑΣ",
            "semester": null,
            "prerequisites": []
        },
        {
            "code": "ΣΘΤΕ211",
            "name": "Φυσικές Επιστήμες, Τεχνολογία, Μηχανική και Μαθηματικά (STEM) στην Εκπαίδευση",
            "ects": null,
            "category": "ΕΙΔΙΚΗ ΔΙΔΑΚΤΙΚΗ – ΠΡΑΚΤΙΚΗ ΑΣΚΗΣΗ",
            "semester": null,
            "prerequisites": []
        },
        {
            "code": "ΣΘΤΕ212",
            "name": "Τηλεμάθηση, η εκπαιδευτική χρήση του διαδικτύου",
            "ects": null,
            "category": "ΜΑΘΗΜΑΤΑ ΜΑΘΗΣΗΣ & ΔΙΔΑΣΚΑΛΙΑΣ",
            "semester": null,
            "prerequisites": []
        },
        {
            "code": "Φ111",
            "name": "Γενικά Μαθηματικά Ι",
            "ects": null,
            "category": "Γ2",
            "semester": null,
            "prerequisites": []
        },
        {
            "code": "Φ112",
            "name": "Γενικά Μαθηματικά ΙΙ",
            "ects": null,
            "category": "Γ2",
            "semester": null,
            "prerequisites": []
        },
        {
            "code": "ΦΥΣ-102",
            "name": "Γενική Φυσική ΙΙ",
            "ects": 7,
            "prerequisite_note": "εφόσον δεν προσφέρεται από το Τμήμα Επιστήμης Υπολογιστών το ΗΥ-112"
        },
        {
            "code": "ΦΥΣ-103",
            "name": "Θέματα Σύγχρονης Φυσικής Ι",
            "ects": 3
        },
        {
            "code": "ΦΥΣ-201",
            "name": "Εισαγωγή στη Σύγχρονη Φυσική Ι",
            "ects": 7
        },
        {
            "code": "ΦΥΣ-230",
            "name": "Αστροφυσική Ι",
            "ects": 6
        },
        {
            "code": "ΦΥΣ-271",
            "name": "Εισαγωγή στην Θεωρία Κυκλωμάτων",
            "ects": 6,
            "prerequisite_note": "εφόσον δεν προσφέρεται από το Τμήμα Επιστήμης Υπολογιστών το ΗΥ-121"
        },
        {
            "code": "ΦΥΣ-273",
            "name": "Εισαγωγή στις Ημιαγωγικές Διατάξεις",
            "ects": 6
        },
        {
            "code": "ΦΥΣ-277",
            "name": "Ηλεκτρονική Μικροσκοπία",
            "ects": 6
        },
        {
            "code": "ΦΥΣ-331",
            "name": "Αστροφυσική ΙΙ",
            "ects": 6,
            "prerequisites": [
                "ΦΥΣ-230"
            ]
        },
        {
            "code": "ΦΥΣ-338",
            "name": "Αρχές και Εφαρμογές Δορυφορικής Τηλεπισκόπησης",
            "ects": 6
        },
        {
            "code": "ΦΥΣ-361",
            "name": "Εισαγωγή στην Οπτοηλεκτρονική–Φωτονική",
            "ects": 6
        },
        {
            "code": "ΦΥΣ-374",
            "name": "Στοιχεία Ηλεκτρονικών",
            "ects": 7
        },
        {
            "code": "ΦΥΣ-457",
            "name": "Μαθηματικά Χρηματοοικονομικής Ανάλυσης Ι",
            "ects": 6
        },
        {
            "code": "ΧΗΜ013",
            "name": "Φυσική Ι",
            "ects": null,
            "category": "Γ2",
            "semester": null,
            "prerequisites": []
        },
        {
            "code": "ΧΗΜ017",
            "name": "Φυσική ΙΙ",
            "ects": null,
            "category": "Γ2",
            "semester": null,
            "prerequisites": []
        },
        {
            "code": "ΧΗΜ046",
            "name": "Εισαγωγή στη Βιολογία",
            "ects": null,
            "category": "Γ2",
            "semester": null,
            "prerequisites": []
        },
        {
            "code": "ΧΗΜ201",
            "name": "Οργανική Χημεία Ι",
            "ects": null,
            "category": "Γ2",
            "semester": null,
            "prerequisites": []
        },
        {
            "code": "ΧΗΜ402",
            "name": "Ανόργανη Χημεία ΙΙ",
            "ects": null,
            "category": "Γ2",
            "semester": null,
            "prerequisites": []
        }
    ],
    "policies": [
        "Συνιστάται ο εξαμηνιαίος φόρτος εργασίας ενός φοιτητή να είναι περίπου ίσος με 30 ECTS για κάθε εξάμηνο.",
        "Ο μέγιστος επιτρεπτός φόρτος είναι σαράντα έξι (46) ECTS ανά εξάμηνο.",
        "Επιτρέπεται η εγγραφή του φοιτητή σε ένα (1) επιπλέον μάθημα ανά εξάμηνο για αναβαθμολόγηση (υπό την προφανή προϋπόθεση ότι έχει ήδη περάσει αυτό το μάθημα).",
        "Απολύτως αναγκαία για σπουδές στην επιστήμη υπολογιστών είναι η γνώση της Αγγλικής γλώσσας, διότι η συντριπτική πλειοψηφία της βιβλιογραφίας είναι γραμμένη σ' αυτήν.",
        "Είναι δυνατόν ένας προπτυχιακός φοιτητής του Τμήματος να εγγράφεται και σε μεταπτυχιακά μαθήματα του Τμήματος ως ελεύθερες μονάδες, αλλά μόνο μετά από προηγούμενη συνεννόηση και άδεια από τον εκάστοτε διδάσκοντα.",
        "Οι ECTS μονάδες των μεταπτυχιακών μαθημάτων που αυτός περνά επιτυχώς συνυπολογίζονται στις συνολικές ECTS μονάδες του φοιτητή.",
        "Ο βαθμός των μαθημάτων “Αγγλικά Ι, ΙΙ, και ΙΙΙ” (ΗΥ-108, 109, και 208) ΔΕΝ υπολογίζεται στο βαθμό πτυχίου, ενώ υπολογίζεται ο βαθμός των «Αγγλικών IV” (HY209).",
        "Σε όποια κατηγορία απαιτήσεων υπάρχουν περισσότερα μαθήματα, προσμετρώνται αυτά με τους μεγαλύτερους βαθμούς.",
        "Τα υπόλοιπα μαθήματα, δηλαδή εκείνα στα οποία ο φοιτητής έχει τους χαμηλότερους βαθμούς και τα οποία έστω και αν δεν τα είχε περάσει πάλι θα εδικαιούτο να πάρει πτυχίο δεν προσμετρώνται στον βαθμό πτυχίου.",
        "Σε όλες τις περιπτώσεις ο υπολογισμός και η σύγκριση βαθμών γίνεται αφού οι βαθμοί ζυγιστούν (πολλαπλασιαστούν) με τα ECTS του κάθε μαθήματος.",
        "Κάθε Σεπτέμβριο, μετά την Β' εξεταστική περίοδο, όλοι οι φοιτητές του Τμήματος οι οποίοι απέκτησαν πτυχίο κατά την Α' ή Β' περίοδο του φθινοπωρινού ή εαρινού εξαμήνου της Ακαδημαϊκής χρονιάς που μόλις τελείωσε, κατατάσσονται σε μία ενιαία (ανεξαρτήτως χρονολογίας πρώτης εγγραφής) “σειρά επιτυχίας αποφοίτησης” βάσει του βαθμού πτυχίου τους.",
        "Οι φοιτητές που επέτυχαν σ' ένα μάθημα στην πρώτη εξεταστική του περίοδο (Φεβ. ή Ιουν.) μπορούν, εάν θέλουν να βελτιώσουν το βαθμό τους, να προσέλθουν και στη δεύτερη εξεταστική του περίοδο (Σεπτέμβριος του ιδίου ημερολογιακού έτους). Στην περίπτωση αυτή, ισχύει ο μεγαλύτερος από τους δύο βαθμούς των δύο περιόδων.",
        "εάν ο φοιτητής επανεγγραφεί σε ίδιο μάθημα σε επόμενο Ακαδημαϊκό εξάμηνο, τότε ισχύει ο βαθμός του τελευταίου εξαμήνου.",
        "Αν ο φοιτητής αποτύχει περισσότερες από τρεις (3) φορές στο ίδιο μάθημα, δύναται να ζητήσει, με αίτησή του προς τον Πρόεδρο του Τμήματος την αξιολόγησή του από άλλους εξεταστές.",
        "Η αξιολόγηση πραγματοποιείται οποτεδήποτε εντός τριών (3) μηνών από τον ορισμό των αξιολογητών και συνίσταται είτε στην εκ νέου βαθμολόγηση των απαντήσεων που έχει δώσει ο φοιτητής, εάν έχουν προηγηθεί γραπτές εξετάσεις, είτε στη διενέργεια νέων εξετάσεων, σε γραπτή ή προφορική μορφή.",
        "Εάν το αίτημα προέρχεται από φοιτητή ο οποίος διανύει το τελευταίο ακαδημαϊκό έτος πριν από την ολοκλήρωση της ανώτατης χρονικής διάρκειας φοίτησης ο Πρόεδρος του Τμήματος οφείλει να μεριμνήσει κατά προτεραιότητα για την αξιολόγηση και για την ολοκλήρωσή της εντός εξήντα (60) ημερών από την υποβολή του αιτήματος.",
        "Κάθε μάθημα αξιολογείται στο τέλος του εξαμήνου από τους φοιτητές.",
        "Ο κάθε φοιτητής μπορεί να αναγνωρίσει μαθήματα με δύο (2) το πολύ αιτήσεις, οι οποίες πρέπει να κατατεθούν μέσα σε δύο (2) το πολύ διαδοχικά εξάμηνα από την πρώτη ημερομηνία εγγραφής.",
        "Η ΠΑ δεν μπορεί να αποτελεί μέρος της πτυχιακής εργασίας του/της εκάστοτε φοιτητή/τριας.",
        "Κατά τη διάρκεια της υλοποίησης της πρακτικής άσκησης ο/η ασκούμενος/η υποχρεούται να ακολουθεί τους κανόνες και τις διαδικασίες που καθορίζει το γραφείο πρακτικής άσκησης του Πανεπιστημίου Κρήτης (ΠΚ) και αναφέρονται στον οδηγό Πρακτικής Άσκησης του ΠΚ και στην ιστοσελίδα του Τμήματος.",
        "Η τελική αξιολόγηση της πρακτικής άσκησης κάθε ασκούμενου/ης γίνεται από τον/την ακαδημαϊκό/ή επόπτη του/της, λαμβάνοντας υπ’ όψη το Εβδομαδιαίο Ημερολόγιο Εργασιών, την αξιολόγηση του στελέχους του συνεργαζόμενου φορέα και την τελική έκθεση του/της φοιτητή/ριας.",
        "Ο/Η ακαδημαϊκός/ή επόπτης καταθέτει το \"Δελτίο Αξιολόγησης Ακαδημαϊκού Επόπτη\" με το οποίο δίνεται η τελική έγκριση της πρακτικής άσκησης.",
        "Πειθαρχικά ζητήματα και οποιοδήποτε παράπτωμα ή παράβαση ακαδημαϊκής δεοντολογίας παραπέμπεται στην Επιτροπή Ακαδημαϊκού Συντονισμού για κρίση και λήψη των σχετικών αποφάσεων, σύμφωνα με τον Εσωτερικό Κανονισμό του Π.Κ.",
        "Η συμμετοχή στο Πρόγραμμα προϋποθέτει την παρακολούθηση και την επιτυχή ολοκλήρωση όλων των προαπαιτούμενων σε κάθε μάθημα.",
        "Για την απονομή του Π.Π.Δ.Ε. απαιτείται η βαθμολογία τουλάχιστον (5/10) σε κάθε μάθημα, η ολοκλήρωση και παράδοση της τελικής εργασίας αναφοράς, και η παραλαβή του δελτίου αξιολόγησης από τον επιβλέποντα στην μέση εκπαίδευση καθηγητής πρακτικής άσκησης.",
        "Κατά τη διάρκεια του πρώτου εξαμήνου ορίζεται από το Τμήμα ένας ακαδημαϊκός σύμβουλος για κάθε φοιτητή/τρια στον οποίο μπορεί να απευθύνεται για συμβουλές και καθοδήγηση για οποιοδήποτε θέμα σχετικό με τις σπουδές.",
        "Οι αιτήσεις μετακίνησης μέσω Erasmus+ γίνονται συνήθως μέσα στον Φεβρουάριο του προηγούμενου από τη μετακίνηση ακαδημαϊκού έτους.",
        "Μαθήματα που έχουν εξετασθεί επιτυχώς στο Ίδρυμα υποδοχής και βρίσκονται στον κατάλογο μαθημάτων του συμφωνητικού που έχει συνάψει ο/η φοιτητής/τρια με το Ίδρυμα αποστολής, θα αναγνωριστούν από την αρμόδια επιτροπή λαμβάνοντας υπόψη α) τις εισηγήσεις μελών ΔΕΠ οι οποίοι είχαν συνεργαστεί για την κατάρτιση του καταλόγου μαθημάτων πριν από τη μετακίνηση του/της φοιτητή/τριας, καθώς και β) τον άμεσα μετρούμενο φόρτο εργασίας των μαθημάτων (ώρες θεωρίας/εργαστηρίου, επίπεδο δυσκολίας, τύπος εξέτασης κ.λ.π.) για την αντιστοίχηση στο εκάστοτε μάθημα του απαιτούμενου αριθμού Διδακτικών Μονάδων (Δ.Μ.) Τονίζεται ότι ο αριθμός πιστωτικών μονάδων (ECTS) που έχουν αντιστοιχηθεί σε κάθε ένα από τα παραπάνω μαθήματα από το Ίδρυμα Υποδοχής μεταφέρονται στο Ίδρυμα Αποστολής χωρίς αλλοιώσεις ή μετατροπές.",
        "Η πτυχιακή εργασία ή η πρακτική άσκηση η οποία ολοκληρώθηκε με επιτυχία στο Ίδρυμα Υποδοχής αναγνωρίζεται και από το Ίδρυμα Αποστολής μόνο μετά από σύμφωνη γνώμη του επόπτη που έχει οριστεί στο Ίδρυμα Αποστολής.",
        "Στο Τμήμα Επιστήμης Υπολογιστών από Πρακτική άσκηση τριών μηνών μέsω Erasmus τα 6 ects θα υπολογιστούν για το πτυχίο, ενώ τα υπόλοιπα ECTS θα εμφανιστούν στο Diploma Supplement. Σημειώνεται ότι αν ο φοιτητής έχει ήδη λάβει 6 ects για το πτυχίο από οποιαδήποτε πρακτική (ERASMUS ή μη), όλα τα πρόσθετα ects πρακτικών ασκήσεων εμφανίζονται στο Diploma Supplement.",
        "Αιτήσεις συμμετοχής για το χειμερινό εξάμηνο υποβάλλονται έως 15 Σεπτεμβρίου και για το εαρινό εξάμηνο έως 15 Ιανουαρίου.",
        "Οι συμφοιτητές-μέντορες παίρνουν μία επίσημη βεβαίωση από το Τμήμα σχετική με τη συμμετοχή τους στη δράση και απονομή Επαίνου.",
        "Οι φοιτητές/τριες που επιθυμούν να δηλώσουν συμμετοχή και να γίνουν συμφοιτητής-μέντορας μπορούν να στείλουν, στην αρχή του ακαδ. έτους ή ακαδ. εξαμήνου, από την ηλεκτρονική διεύθυνση που διατηρούν στο Τμήμα μήνυμα στο steer@csd.uoc.gr",
        "Η διαχείριση παραπόνων γίνεται σύμφωνα με την απόφαση της Συγκλήτου του Πανεπιστημίου Κρήτης (συνεδρίαση: 508ης/23-11-2023) η οποία ενέκρινε τον Κανονισμό Λειτουργίας Μηχανισμού Διαχείρισης Παραπόνων και Ενστάσεων Φοιτητών και Φοιτητριών του Πανεπιστημίου Κρήτης."
    ],
    "thesis": {
        "requirement": "υποχρεωτική Διπλωματική Εργασία",
        "status": "υποχρεωτική",
        "required": true,
        "note": "Όπως φαίνεται και στον Πίνακα 1, στον κορμό περιλαμβάνεται και η εκπόνηση Διπλωματικής Εργασίας.",
        "requirements": [
            "Η έναρξη της ΠΕ μπορεί να γίνει από το πέμπτο (5ο) εξάμηνο των σπουδών και μετά",
            "Ο φοιτητής έχει παρακολουθήσει επιτυχώς όλα τα μαθήματα κορμού των τεσσάρων πρώτων εξαμήνων"
        ],
        "ects": 18,
        "roles": [
            "Επόπτης",
            "Επιβλέπων",
            "Επιτροπή Παρακολούθησης / Αξιολόγησης (ΕΠΑ)"
        ],
        "duration": "ένα (1) ή δύο (2) συνεχόμενα εξάμηνα",
        "declaration_deadline": "έξι (6) πρώτες βδομάδες κάθε εξαμήνου",
        "registration_deadline": "έβδομη (7η) βδομάδα κάθε εξαμήνου",
        "code": "ΗΥ-498",
        "evaluation": "Ο βαθμός της ΠΕ βασίζεται στο περιεχόμενο και στην παρουσίαση (κείμενο και ενδεχόμενη δια ζώσης παρουσίαση) και είναι ένας ενιαίος βαθμός στην κλίμακα 0-10."
    },
    "other_info": [
        "ΠΑΝΕΠΙΣΤΗΜΙΟ ΚΡΗΤΗΣ",
        "ΤΜΗΜΑ ΕΠΙΣΤΗΜΗΣ ΥΠΟΛΟΓΙΣΤΩΝ",
        "Πανεπιστημιούπολη Βουτών, 70013 Ηράκλειο, Κρήτη",
        "Τηλ: 2810-393500, e-mail: info@csd.uoc.gr",
        "http://www.csd.uoc.gr",
        "ΟΔΗΓΟΣ ΣΠΟΥΔΩΝ",
        "ΤΟΥ ΠΡΟΓΡΑΜΜΑΤΟΣ ΠΡΟΠΤΥΧΙΑΚΩΝ ΣΠΟΥΔΩΝ",
        "ΑΚΑΔΗΜΑΪΚΟ ΕΤΟΣ 2025-26",
        "ΕΚΔΟΣΗ: ΣΕΠΤΕΜΒΡΙΟΣ 2025",
        "ΠΙΝΑΚΑΣ ΠΕΡΙΕΧΟΜΕΝΩΝ lists all sections of the document.",
        "6. ΧΡΗΣΤΙΚΕΣ ΠΛΗΡΟΦΟΡΙΕΣ",
        "6.1 ΣΙΤΙΣΗ ΚΑΙ ΣΤΕΓΑΣΗ",
        "Το Τμήμα Επιστήμης Υπολογιστών του Πανεπιστημίου Κρήτης ιδρύθηκε το 1984.",
        "Το τμήμα συνεργάζεται στενά με το Ινστιτούτο Πληροφορικής (ΙΠ) του Ιδρύματος Τεχνολογίας και Έρευνας (ΙΤΕ).",
        "Το πρόγραμμα σπουδών περιλαμβάνει υποχρεωτική Διπλωματική Εργασία, καθώς και προαιρετική Πρακτική Άσκηση μέσω εργασίας εκτός Πανεπιστημίου.",
        "Προσφέρεται η δυνατότητα παρακολούθησης Προγράμματος Παιδαγωγικής και Διδακτικής Επάρκειας.",
        "Απόφοιτοι γίνονται δεκτοί σε μεταπτυχιακά προγράμματα άλλων Πανεπιστημίων και του ιδίου του Τμήματος.",
        "Το Τμήμα Επιστήμης Υπολογιστών του Πανεπιστημίου Κρήτης κατατάσσεται πρώτο μεταξύ όλων των Ελληνικών Τμημάτων στην περιοχή της Επιστήμης Υπολογιστών σύμφωνα με την αξιολόγηση Times Higher Education World University Rankings 2025.",
        "Οκτώ καθηγητές του Τμήματος Επιστήμης Υπολογιστών του Πανεπιστημίου Κρήτης περιλαμβάνονται στην παγκόσμια κατάταξη «World’s Top 2% Scientists Network (career data)».",
        "Το Προπτυχιακό Πρόγραμμα Σπουδών στην Επιστήμη Υπολογιστών είναι ένα 4ετές πρόγραμμα 240 ECTS.",
        "Το πρόγραμμα σπουδών αντιμετωπίζει την Πληροφορική ως τεχνολογική επιστήμη, με έμφαση στην κατασκευή συστημάτων υλικού και λογισμικού.",
        "Το πρόγραμμα σπουδών περιλαμβάνει υποχρεωτική Διπλωματική Εργασία και προαιρετική Πρακτική Άσκηση.",
        "Προσφέρεται η δυνατότητα παρακολούθησης μαθημάτων παιδαγωγικής κατάρτισης.",
        "Ονομαστικός κατάλογος και στοιχεία επικοινωνίας των Μελών του Τμήματος",
        "Πρόεδρος Τμήματος: Κωνσταντίνος Μαγκούτης, Καθηγητής",
        "Αντιπρόεδρος Τμήματος: Ιωάννης Τζίτζικας, Καθηγητής",
        "Γραμματέας Τμήματος: Ειρήνη Καλαϊτζάκη",
        "Αναφέρονται οι καθηγητές του τμήματος και τα ερευνητικά τους ενδιαφέροντα.",
        "The text includes information about faculty members (Ομότιμοι Καθηγητές, Επισκέπτες Διδάσκοντες, Μέλη Εργαστηριακού Διδακτικού Προσωπικού (Ε.ΔΙ.Π.)) and staff (Γραμματεία, Μέλη ΕΤΕΠ) including their research interests and contact information.",
        "Το πρόγραμμα βασικών σπουδών στην Επιστήμη των Υπολογιστών αποτελείται από τα μαθήματα κορμού, που είναι υποχρεωτικά, από δύο ομάδες μαθημάτων επιλογής από τα οποία ο φοιτητής πρέπει να παρακολουθήσει ορισμένο αριθμό, και από άλλα μαθήματα ελεύθερης επιλογής.",
        "Οι επιλογές επιτρέπουν την ειδίκευση σε τομείς της επιστήμης και της τεχνολογίας των υπολογιστών, της πληροφορικής και των τηλεπικοινωνιών ή και σε θέματα διδακτικής, παιδαγωγικής, ή οργάνωσης και διοίκησης επιχειρήσεων.",
        "Το βάρος κάθε μαθήματος δηλώνεται σε Ευρωπαϊκές Πιστωτικές Μονάδες (ECTS).",
        "Η κλίμακα βαθμολογίας είναι 0-10 με μικρότερο προβιβάσιμο βαθμό το 5,0.",
        "Η κλίμακα βαθμολογίας στα μαθήματα και στο βαθμό πτυχίου κλιμακώνεται ως εξής: • Άριστα: από 8,50 έως 10 • Λίαν Καλώς: από 6,5 έως 8,49 • Καλώς: από 5 έως 6,49 Βαθμός μικρότερος του 5 ισοδυναμεί με ανεπιτυχή παρακολούθηση.",
        "Ο “μέσος βαθμός” υπολογίζεται για όλους τους φοιτητές κάθε Σεπτέμβριο, μετά τη Β' εξεταστική περίοδο, και αφορά στην επίδοσή τους στα μαθήματα του σε όλα τα προηγούμενα έτη φοίτησης.",
        "Το ακαδημαϊκό έτος χαρακτηρίζεται σαν έτος φοίτησης Α', Β', ή Γ', την πρώτη, δεύτερη, ή τρίτη Ακαδημαϊκή χρονιά αντίστοιχα και Δ' την κάθε Ακαδημαϊκή χρονιά εφεξής.",
        "Λαμβάνονται υπ' όψη βαθμοί ́ μαθημάτων που προσμετρώνται εν δυνάμει στον βαθμό πτυχίου (άρα π.χ. από τα μαθήματα Αγγλικών προσμετρώνται μόνο τα Αγγλικά IV). Επομένως, συμπεριλαμβάνονται βαθμοί μαθημάτων κορμού ́(υποχρεωτικών), επιλογής των ομάδων Ε1-Ε9 και ελεύθερης επιλογής.",
        "Ο “μέσος δείκτης προόδου” υπολογίζεται για όλους τους φοιτητές κάθε Σεπτέμβριο, μετά τη Β' εξεταστική περίοδο, και αφορά στην επίδοσή τους στα μαθήματα του σε όλα τα προηγούμενα έτη φοίτησης.",
        "Όλα τα μαθήματα στα οποία πέτυχε ο φοιτητής ταξινομούνται κατά φθίνουσα σειρά βαθμού που έλαβε ο φοιτητής.",
        "Τα μαθήματα του Τμήματος Επιστήμης Υπολογιστών κωδικοποιούνται με τα γράμματα “ΗΥ” και με τρία ψηφία. Το πρώτο ψηφίο δηλώνει το έτος κατά το οποίο συνήθως παρακολουθείται το μάθημα.",
        "Τα προαπαιτούμενα που αναφέρονται μέσα σε παρενθέσεις συνιστώνται έντονα, αλλά δεν είναι υποχρεωτικά.",
        "Λίστα Θεμάτων και Εποπτών η οποία ανανεώνεται περιοδικά.",
        "Η Πρακτική Άσκηση (ΠΑ) αποτελεί μια αποτελεσματική μέθοδο για επαφή και εξοικείωση των φοιτητών/τριών με τα αντικείμενα της πιθανής μελλοντικής τους απασχόλησης",
        "Από το Τμήμα προσφέρεται ως ελεύθερης επιλογής το μάθημα ΗΥ-303 που εντάσσεται στην απόκτηση του Πιστοποιητικού Παιδαγωγικής και Διδακτικής Επάρκειας",
        "The ΣΘΕΤΕ (Σχολή Θετικών και Τεχνολογικών Επιστημών) of the University of Crete implements a Π.Π.Δ.Ε. (Πρόγραμμα Παιδαγωγικής και Διδακτικής Επάρκειας) program equivalent to two semesters of study with 60 ECTS.",
        "The Π.Π.Δ.Ε. program includes three axes: A) Εκπαίδευση και Αγωγή, Β) Μάθηση και Διδασκαλία, and Γ) Ειδική Διδακτική και Πρακτική Άσκηση.",
        "Πρακτική Άσκηση σε Σχολεία Δευτεροβάθμιας Εκπαίδευσης is a prerequisite for the Π.Π.Δ.Ε. certificate.",
        "The Π.Π.Δ.Ε. program is aimed at students and graduates of the Σ.ΘΕ.Τ.Ε. of the Π.Κ., especially from the departments of Μαθηματικών & Εφαρμοσμένων Μαθηματικών, Χημείας, Φυσικής, Βιολογίας, Επιστήμης Υπολογιστών, Επιστήμης και Τεχνολογίας Υλικών.",
        "The Π.Π.Δ.Ε. certificate is an important qualification in ΑΣΕΠ competitions and for appointment in public and private primary and secondary education.",
        "Το Π.Π.Δ.Ε. της Σ.ΘΕ.Τ.Ε. του Π.Κ. παρέχει τόσο την απαραίτητη Παιδαγωγική επάρκεια, όσο και την Διδακτική επάρκεια.",
        "Ο χρόνος ολοκλήρωσης των σπουδών στο Π.Π.Δ.Ε. δεν μπορεί να υπερβαίνει συνολικά τα δύο (2) ακαδημαϊκά έτη.",
        "Η διάρκεια της Πρακτικής της Διδακτικής είναι φόρτου εργασίας 12 ECTS αντίστοιχη εκπαιδευτικού προγράμματος 13 εκπαιδευτικών εβδομάδων.",
        "Στο Π.Π.Δ.Ε. γίνονται δεκτοί για την απόκτηση του πιστοποιητικού, σύμφωνα με τις αναφερόμενες στο προοίμιο του παρόντος διατάξεις οι φοιτητές της Σ.ΘΕ.Τ.Ε. και κατά προτεραιότητα απόφοιτοι της Σ.ΘΕ.Τ.Ε. του Π.Κ. Απόφοιτοι αντίστοιχων Σχολών άλλων Ιδρυμάτων γίνονται κατά περίπτωση δεκτοί και μόνο αν δεν είναι υπεράριθμοι.",
        "Τα προτεινόμενα μαθήματα στον Πίνακα 1 είναι ενδεικτικά, και αλλαγές στο πλαίσιο αυτό προσδιορίζονται από τις ανάγκες του Προγράμματος και των εκπαιδευόμενων, κάθε ακαδημαϊκό έτος.",
        "Ακαδημαϊκός Σύμβουλος ορίζεται στο πρώτο εξάμηνο για κάθε φοιτητή.",
        "Σύμβουλος Σπουδών είναι ο κ. Μιχάλης Μουνταντωνάκης (mountanton@csd.uoc.gr, 2810 393539), με ώρες γραφείου Δευτέρα και Πέμπτη, 4-6μμ στο γραφείο του Κ207.",
        "Υπεύθυνοι για το Πρόγραμμα Erasmus+ στο Τμήμα είναι οι Μαρία Παπαδοπούλη (maria AT csd DOT uoc DOT gr) και Νικόλαος Κομοντάκης (komod AT csd DOT uoc DOT gr). email: erasmus@csd.uoc.gr",
        "Προϋποθέσεις μετακίνησης για μαθήματα Erasmus: 1. Αποδεδειγμένη βασική γνώση της γλώσσας διδασκαλίας. 2. Επιτυχής εξέταση στα μαθήματα κορμού των δύο πρώτων χρόνων. 3. Ελάχιστος μέσος όρος 6.5 σε 10 μαθήματα κορμού. 4. Μη ύπαρξη παραβάσεων.",
        "Προϋποθέσεις μετακίνησης για πρακτική άσκηση/πτυχιακή εργασία Erasmus: 1. Αποδεδειγμένη βασική γνώση της γλώσσας επίβλεψης. 2. Επιτυχής εξέταση στα μαθήματα κορμού των δύο πρώτων χρόνων. 3. Ελάχιστος μέσος όρος 6.5 σε 10 μαθήματα κορμού. 4. Μη ύπαρξη παραβάσεων. 5. Ορισμένοι επόπτες στο Τμήμα και στο Ίδρυμα Υποδοχής.",
        "Για την αντιστοίχιση μαθημάτων Erasmus, χρησιμοποιήστε το έντυπο που θα βρείτε εδώ: [WORD], [PDF].",
        "Δίνεται η δυνατότητα ανάθεσης επικουρικού διδακτικού έργου σε προπτυχιακούς φοιτητές με το όνομα “Διδακτικό Επικουρικό Έργο Προπτυχιακών Φοιτητών\" – ΔΕΠΡΟΦΟΙΤ.",
        "Θεσμοθετήθηκε ο θεσμός του συμφοιτητή-μέντορα.",
        "Υπάρχουν προπτυχιακές υποτροφίες του Ι.Κ.Υ.",
        "Υπάρχουν Διακεκριμένες Προπτυχιακές Υποτροφίες \"Στέλιος Ορφανουδάκης\" που απονέμονται από το Ι.Π. του Ι.Τ.Ε.",
        "Υπάρχουν Υποτροφίες του κληροδοτήματος «Χρύσανθου και Αναστασίας Καρύδη» που απευθύνονται σε πρωτοετείς φοιτητές της ΣΘΕΤΕ του Πανεπιστημίου Κρήτης.",
        "2x6+20 = 32 ECTS, από τα οποία 6 θα μετρήσουν για το πτυχίο (όποια επιλέξει ο φοιτητής) και 24 ECTS θα εμφανίζονται στην αναλυτική του βαθμολογία και στο Diploma Supplement",
        "Το μάθημα ΗΥ-121 (Ηλεκτρικά Κυκλώματα) μπορεί να αντικατασταθεί από το μάθημα “Εισαγωγή στη Θεωρία Κυκλωμάτων” του Φυσικού Τμήματος.",
        "Web page: http://www.csd.uoc.gr/~hy335a",
        "Web page: http://www.csd.uoc.gr/~hy335b",
        "Web page: http://www.csd.uoc.gr/~hy340",
        "Web page: https://www.csd.uoc.gr/~hy342/",
        "Η παράδοση των ασκήσεων και της εργασίας γίνεται με χρήση του συστήματος elearn",
        "Στο τελευταίο μέρος του μαθήματος (4.5 εβδομάδες) θα διδαχθούν διαδικτυακές υπηρεσίες με έμφαση στην αρχιτεκτονική REST, στην GRAPHQL ενώ θα γίνουν διαλέξεις για τον προγραμματισμό διαδικτυακών εφαρμογών για Android καθώς και σε τεχνολογίες XML και RDF.",
        "Ευφυείς διεπαφές χρήστη και ανάπτυξη 2D παιχνιδιών",
        "Σελίδα 58 από 70",
        "Το μάθημα επικεντρώνεται στη μελέτη βασικών κατανεμημένων αλγορίθμων, συμπεριλαμβανομένων τόσο αλγορίθμων για πολυπύρηνα συστήματα κοινόχρηστης μνήμης, όσο και αλγορίθμων για συστήματα μεταβίβασης μηνύματος.",
        "Στόχος του μαθήματος είναι η εξοικείωση των φοιτητών με θέματα σχετικά με (1) βασικές τεχνικές σχεδίασης και ανάλυσης κατανεμημένων αλγορίθμων για πολυπύρηνα συστήματα και συστήματα μεταβίβασης μηνύματος, (2) θεμελιώδεις αλγόριθμους του κατανεμημένου υπολογισμού, (3) πρωτόκολλα συγχρονισμού, (4) διαμοιραζόμενες δομές δεδομένων, (4) βασικούς αλγόριθμους συλλογικής επικοινωνίας, (5) βασικές έννοιες χρονισμού, (6) ανίχνευση και επανόρθωση από αδιέξοδα, (7) ανίχνευση τερματισμού, αποτυχιών και άλλων καταστάσεων σε συστήματα μεταβίβασης μηνύματος.",
        "Μέρος Ι – Αλγόριθμοι για πολυπύρηνα Συστήματα Διαμοιραζόμενης Μνήμης",
        "Μέρος II – Αλγόριθμοι για Συστήματα Μεταβίβασης Μηνύματος",
        "Για θέματα σχετικά με Σίτιση και Στέγαση μπορείτε να απευθύνεστε στο Τμήμα Φοιτητικής Μέριμνας του Πανεπιστημίου Κρήτης.",
        "Το Κέντρο Ψυχολογικής και Συμβουλευτικής Υποστήριξης (ΚΕ.ΨΥ.Σ.Υ.) του Πανεπιστημίου Κρήτης παρέχει δωρεάν υπηρεσίες ατομικής και ομαδικής ψυχολογικής και συμβουλευτικής υποστήριξης στα μέλη της πανεπιστημιακής κοινότητας.",
        "Η Μονάδα παρέχει υπηρεσίες σε άτομα με αναπηρία και άτομα με ειδικές εκπαιδευτικές ανάγκες (ΜΙΠΑΑΕΑ) του Πανεπιστημίου Κρήτης.",
        "Η Επιτροπή Ισότητας των Φύλων και Καταπολέμησης των Διακρίσεων είναι συμβουλευτικό όργανο του Πανεπιστημίου Κρήτης για την προώθηση της ισότητας των φύλων και την καταπολέμηση των διακρίσεων.",
        "O Συνήγορος του φοιτητή διαμεσολαβεί μεταξύ φοιτητών και καθηγητών ή διοικητικών υπηρεσιών του Ιδρύματος."
    ]
}